Name,Math,Physics,Chemistry,Average
Ali,85.0,78.0,92.0,85.0
Sana,92.0,75.5,89.0,85.5
Ahmed,67.0,72.0,74.0,71.0
Fatima,75.57142857142857,88.0,95.0,86.19
Omar,73.0,69.0,81.57142857142857,74.52
Sara,45.0,52.0,48.0,48.33
Zain,88.0,94.0,91.0,91.0
Aisha,79.0,75.5,82.0,78.83
